TZM220/2;0.37;2765;62;333;360;165;425;150;55;255;130;150;170;4;124;103;164;143;225;180;11;360;540;720;864;1116;;75;73;71;65;55;;69;opened blade fan, medium-range, low pressure;for dust air,woodchips,fibrous materials;Built in painted sheet iron, impeller statically and dynamically balanced;according to ISO standards, three phase electric motor 400 Volt 50Hz IP55 ;cl isol.F trop. IE2;outlet flange               inlet flange             flexible outlet                   flexible inlet;shock absorbers        inspection door         drain plug                inlet protection grid;;7-130-0.37-2;130
TZM250/2R;0.55;2800;86;393;441;195;526;175;76;315;185;219;255;8;207;148;277;218;225;180;26;550;750;870;1150;1400;;105;94;90;86;74;;71;opened blade fan, medium-range, low pressure;for dust air,woodchips,fibrous materials;Built in painted sheet iron, impeller statically and dynamically balanced;according to ISO standards, three phase electric motor 400 Volt 50Hz IP55 ;cl isol.F trop. IE2;outlet flange               inlet flange             flexible outlet                   flexible inlet;shock absorbers        inspection door         drain plug                inlet protection grid;;7-185-0.55-2;185
TZM250/2;0.75;2850;86;413;441;195;526;175;76;315;185;219;255;8;207;148;277;218;225;180;29;750;1000;1250;1550;2000;;133;124;115;99;86;;72;opened blade fan, medium-range, low pressure;for dust air,woodchips,fibrous materials;Built in painted sheet iron, impeller statically and dynamically balanced;according to ISO standards, three phase electric motor 400 Volt 50Hz IP55 ;cl isol.F trop. IE2;outlet flange               inlet flange             flexible outlet                   flexible inlet;shock absorbers        inspection door         drain plug                inlet protection grid;;7-185-0.75-2;185
TZM280/2R;1.1;2850;95;432;477;200;610;202;86;375;205;241;275;8;231;166;301;236;225;180;33;800;1150;1550;2000;2500;;140;127;115;97;84;;73;opened blade fan, medium-range, low pressure;for dust air,woodchips,fibrous materials;Built in painted sheet iron, impeller statically and dynamically balanced;according to ISO standards, three phase electric motor 400 Volt 50Hz IP55 ;cl isol.F trop. IE2;outlet flange               inlet flange             flexible outlet                   flexible inlet;shock absorbers        inspection door         drain plug                inlet protection grid;;7-205-1.1-2;205
TZM280/2;1.5;2860;95;472;477;200;610;202;86;375;205;241;275;8;231;166;301;236;260;205;37;1150;1400;1750;2200;2500;;170;160;148;138;120;;74;opened blade fan, medium-range, low pressure;for dust air,woodchips,fibrous materials;Built in painted sheet iron, impeller statically and dynamically balanced;according to ISO standards, three phase electric motor 400 Volt 50Hz IP55 ;cl isol.F trop. IE2;outlet flange               inlet flange             flexible outlet                   flexible inlet;shock absorbers        inspection door         drain plug                inlet protection grid;;7-205-1.5-2;205
TZM310/2R;1.5;2860;105;490;527;225;658;229;96;400;228;265;298;8;258;185;328;255;260;205;43;1150;1400;1750;2200;2750;;175;166;155;140;125;;76;opened blade fan, medium-range, low pressure;for dust air,woodchips,fibrous materials;Built in painted sheet iron, impeller statically and dynamically balanced;according to ISO standards, three phase electric motor 400 Volt 50Hz IP55 ;cl isol.F trop. IE2;outlet flange               inlet flange             flexible outlet                   flexible inlet;shock absorbers        inspection door         drain plug                inlet protection grid;;7-228-1.5-2;228
TZM310/2;2.2;2860;105;490;527;225;658;229;96;400;228;265;298;8;258;185;328;255;260;205;46;1550;2000;2500;3100;3500;;190;179;170;153;135;;77;opened blade fan, medium-range, low pressure;for dust air,woodchips,fibrous materials;Built in painted sheet iron, impeller statically and dynamically balanced;according to ISO standards, three phase electric motor 400 Volt 50Hz IP55 ;cl isol.F trop. IE2;outlet flange               inlet flange             flexible outlet                   flexible inlet;shock absorbers        inspection door         drain plug                inlet protection grid;;7-228-2.2-2;228
TZM350/2R;3;2885;115;585;600;255;740;253;107;450;255;292;325;8;288;205;368;285;324;250;74;1750;2200;2750;3500;4300;;200;195;185;168;150;;79;opened blade fan, medium-range, low pressure;for dust air,woodchips,fibrous materials;Built in painted sheet iron, impeller statically and dynamically balanced;according to ISO standards, three phase electric motor 400 Volt 50Hz IP55 ;cl isol.F trop. IE2;outlet flange               inlet flange             flexible outlet                   flexible inlet;shock absorbers        inspection door         drain plug                inlet protection grid;;7-255-3-2;255
TZM350/2;4;2895;115;585;600;255;740;253;107;450;255;292;325;8;288;205;368;285;324;250;80;1750;2500;3100;4000;4700;;225;210;204;197;180;;80;opened blade fan, medium-range, low pressure;for dust air,woodchips,fibrous materials;Built in painted sheet iron, impeller statically and dynamically balanced;according to ISO standards, three phase electric motor 400 Volt 50Hz IP55 ;cl isol.F trop. IE2;outlet flange               inlet flange             flexible outlet                   flexible inlet;shock absorbers        inspection door         drain plug                inlet protection grid;;7-255-4-2;255
TZM400/2R;5.5;2910;127;671;655;285;815;286;118;500;285;332;365;8;322;229;402;309;372;300;109;2200;2750;3500;4300;5400;;260;250;242;230;200;;83;opened blade fan, medium-range, low pressure;for dust air,woodchips,fibrous materials;Built in painted sheet iron, impeller statically and dynamically balanced;according to ISO standards, three phase electric motor 400 Volt 50Hz IP55 ;cl isol.F trop. IE2;outlet flange               inlet flange             flexible outlet                   flexible inlet;shock absorbers        inspection door         drain plug                inlet protection grid;;7-285-5.5-2;285
TZM400/2;7.5;2910;127;671;655;285;815;286;118;500;285;332;365;8;322;229;402;309;372;300;115;2500;3100;4000;4700;6200;;300;295;288;280;260;;84;opened blade fan, medium-range, low pressure;for dust air,woodchips,fibrous materials;Built in painted sheet iron, impeller statically and dynamically balanced;according to ISO standards, three phase electric motor 400 Volt 50Hz IP55 ;cl isol.F trop. IE2;outlet flange               inlet flange             flexible outlet                   flexible inlet;shock absorbers        inspection door         drain plug                inlet protection grid;;7-285-7.5-2;285
TZM450/2R;9.2;2900;141;698;735;320;915;321;131;560;320;366;400;8;361;256;441;336;372;300;142;3500;4300;5400;6200;6850;;334;328;317;315;310;;86;opened blade fan, medium-range, low pressure;for dust air,woodchips,fibrous materials;Built in painted sheet iron, impeller statically and dynamically balanced;according to ISO standards, three phase electric motor 400 Volt 50Hz IP55 ;cl isol.F trop. IE2;outlet flange               inlet flange             flexible outlet                   flexible inlet;shock absorbers        inspection door         drain plug                inlet protection grid;;7-320-9.2-2;320
TZM450/2;11;2920;141;834;735;320;915;321;131;560;320;366;400;8;361;256;441;336;440;415;198;3500;4300;5400;6850;7200;;375;365;358;340;335;;87;opened blade fan, medium-range, low pressure;for dust air,woodchips,fibrous materials;Built in painted sheet iron, impeller statically and dynamically balanced;according to ISO standards, three phase electric motor 400 Volt 50Hz IP55 ;cl isol.F trop. IE2;outlet flange               inlet flange             flexible outlet                   flexible inlet;shock absorbers        inspection door         drain plug                inlet protection grid;;7-320-11-2;320
TZM450/4;1.5;1400;141;566;735;320;915;321;131;560;320;366;400;8;361;256;441;336;260;205;106;1550;2200;2750;3500;4300;;75;73;71;65;55;;71;opened blade fan, medium-range, low pressure;for dust air,woodchips,fibrous materials;Built in painted sheet iron, impeller statically and dynamically balanced;according to ISO standards, three phase electric motor 400 Volt 50Hz IP55 ;cl isol.F trop. IE2;outlet flange               inlet flange             flexible outlet                   flexible inlet;shock absorbers        inspection door         drain plug                inlet protection grid;;7-320-1.5-4;320
TZM500/2R;15;2925;157;866;832;360;1000;355;148;600;360;405;440;8;404;288;484;368;440;415;222;4300;5400;6850;7200;8300;;370;360;353;344;337;;90;opened blade fan, medium-range, low pressure;for dust air,woodchips,fibrous materials;Built in painted sheet iron, impeller statically and dynamically balanced;according to ISO standards, three phase electric motor 400 Volt 50Hz IP55 ;cl isol.F trop. IE2;outlet flange               inlet flange             flexible outlet                   flexible inlet;shock absorbers        inspection door         drain plug                inlet protection grid;;7-360-15-2;360
TZM500/2;22;2930;157;866;832;360;1000;355;148;600;360;405;440;8;404;288;484;368;488;460;274;4300;6200;7200;9400;12000;;378;367;360;335;285;;91;opened blade fan, medium-range, low pressure;for dust air,woodchips,fibrous materials;Built in painted sheet iron, impeller statically and dynamically balanced;according to ISO standards, three phase electric motor 400 Volt 50Hz IP55 ;cl isol.F trop. IE2;outlet flange               inlet flange             flexible outlet                   flexible inlet;shock absorbers        inspection door         drain plug                inlet protection grid;;7-360-22-2;360
TZM500/4R;2.2;1420;157;668;832;360;1000;355;148;600;360;405;440;8;404;288;484;368;324;250;126;2200;2750;3500;4000;4300;;84;82;78;74;69;;72;opened blade fan, medium-range, low pressure;for dust air,woodchips,fibrous materials;Built in painted sheet iron, impeller statically and dynamically balanced;according to ISO standards, three phase electric motor 400 Volt 50Hz IP55 ;cl isol.F trop. IE2;outlet flange               inlet flange             flexible outlet                   flexible inlet;shock absorbers        inspection door         drain plug                inlet protection grid;;7-360-2.2-4;360
TZM500/4;3;1430;157;668;832;360;1000;355;148;600;360;405;440;8;404;288;484;368;324;250;134;2200;3100;4000;4700;6200;;95;92;90;80;70;;74;opened blade fan, medium-range, low pressure;for dust air,woodchips,fibrous materials;Built in painted sheet iron, impeller statically and dynamically balanced;according to ISO standards, three phase electric motor 400 Volt 50Hz IP55 ;cl isol.F trop. IE2;outlet flange               inlet flange             flexible outlet                   flexible inlet;shock absorbers        inspection door         drain plug                inlet protection grid;;7-360-3-4;360
TZM560/4R;4;1425;177;712;940;400;1126;390;165;670;405;448;485;12;453;322;533;402;324;250;148;3100;4000;4700;5400;6200;;104;102;100;92;88;;75;opened blade fan, medium-range, low pressure;for dust air,woodchips,fibrous materials;Built in painted sheet iron, impeller statically and dynamically balanced;according to ISO standards, three phase electric motor 400 Volt 50Hz IP55 ;cl isol.F trop. IE2;outlet flange               inlet flange             flexible outlet                   flexible inlet;shock absorbers        inspection door         drain plug                inlet protection grid;;7-405-4-4;405
TZM560/4;5.5;1440;177;777;940;400;1126;390;165;670;405;448;485;12;453;322;533;402;372;300;175;3100;4300;5400;6850;8300;;118;114;110;98;82;;76;opened blade fan, medium-range, low pressure;for dust air,woodchips,fibrous materials;Built in painted sheet iron, impeller statically and dynamically balanced;according to ISO standards, three phase electric motor 400 Volt 50Hz IP55 ;cl isol.F trop. IE2;outlet flange               inlet flange             flexible outlet                   flexible inlet;shock absorbers        inspection door         drain plug                inlet protection grid;;7-405-5.5-4;405
TZM630/4R;7.5;1450;195;816;1052;450;1260;439;185;750;455;497;535;12;507;361;587;441;372;300;200;4320;5400;6850;7200;8300;;131;127;121;116;109;;78;opened blade fan, medium-range, low pressure;for dust air,woodchips,fibrous materials;Built in painted sheet iron, impeller statically and dynamically balanced;according to ISO standards, three phase electric motor 400 Volt 50Hz IP55 ;cl isol.F trop. IE2;outlet flange               inlet flange             flexible outlet                   flexible inlet;shock absorbers        inspection door         drain plug                inlet protection grid;;7-455-7.5-4;455
TZM630/4;11;1455;195;952;1052;450;1260;439;185;750;455;497;535;12;507;361;587;441;440;415;274;4300;6200;7200;9400;12000;;153;147;139;125;110;;80;opened blade fan, medium-range, low pressure;for dust air,woodchips,fibrous materials;Built in painted sheet iron, impeller statically and dynamically balanced;according to ISO standards, three phase electric motor 400 Volt 50Hz IP55 ;cl isol.F trop. IE2;outlet flange               inlet flange             flexible outlet                   flexible inlet;shock absorbers        inspection door         drain plug                inlet protection grid;;7-455-11-4;455
TZM710/4R;11;1455;216;1002;1189;500;1416;500;202;850;505;551;585;12;569;404;669;504;826;415;338;6200;7200;9400;10800;12000;;168;164;158;153;148;;83;opened blade fan, medium-range, low pressure;for dust air,woodchips,fibrous materials;Built in painted sheet iron, impeller statically and dynamically balanced;according to ISO standards, three phase electric motor 400 Volt 50Hz IP55 ;cl isol.F trop. IE2;outlet flange               inlet flange             flexible outlet                   flexible inlet;shock absorbers        inspection door         drain plug                inlet protection grid;;7-505-11-4;505
TZM710/4;15;1460;216;1002;1189;500;1416;500;202;850;505;551;585;12;569;404;669;504;826;415;368;6200;8300;10800;13500;17000;;192;185;178;158;138;;84;opened blade fan, medium-range, low pressure;for dust air,woodchips,fibrous materials;Built in painted sheet iron, impeller statically and dynamically balanced;according to ISO standards, three phase electric motor 400 Volt 50Hz IP55 ;cl isol.F trop. IE2;outlet flange               inlet flange             flexible outlet                   flexible inlet;shock absorbers        inspection door         drain plug                inlet protection grid;;7-505-15-4;505
TZM800/4R;18.5;1460;241;1071;1340;560;1591;560;226;950;565;629;665;12;638;453;738;553;926;460;443;8300;10800;13500;15000;17000;;210;206;198;194;188;;85;opened blade fan, medium-range, low pressure;for dust air,woodchips,fibrous materials;Built in painted sheet iron, impeller statically and dynamically balanced;according to ISO standards, three phase electric motor 400 Volt 50Hz IP55 ;cl isol.F trop. IE2;outlet flange               inlet flange             flexible outlet                   flexible inlet;shock absorbers        inspection door         drain plug                inlet protection grid;;7-565-18.5-4;565
TZM800/4;30;1470;241;1146;1340;560;1591;560;226;950;565;629;665;12;638;453;738;553;926;500;509;8300;12000;15000;19000;23800;;250;244;231;220;184;;87;opened blade fan, medium-range, low pressure;for dust air,woodchips,fibrous materials;Built in painted sheet iron, impeller statically and dynamically balanced;according to ISO standards, three phase electric motor 400 Volt 50Hz IP55 ;cl isol.F trop. IE2;outlet flange               inlet flange             flexible outlet                   flexible inlet;shock absorbers        inspection door         drain plug                inlet protection grid;;7-565-30-4;565
TZM900/4R;37;1475;275;1277;1500;630;1780;630;253;1060;635;698;735;12;715;507;815;607;1026;540;598;12000;15000;19000;21600;23800;;307;297;287;277;267;;90;opened blade fan, medium-range, low pressure;for dust air,woodchips,fibrous materials;Built in painted sheet iron, impeller statically and dynamically balanced;according to ISO standards, three phase electric motor 400 Volt 50Hz IP55 ;cl isol.F trop. IE2;outlet flange               inlet flange             flexible outlet                   flexible inlet;shock absorbers        inspection door         drain plug                inlet protection grid;;7-635-37-4;635
TZM900/4;45;1475;275;1277;1500;630;1780;630;253;1060;635;698;735;12;715;507;815;607;1026;540;638;12000;17000;21600;27000;34000;;355;340;326;316;276;;92;opened blade fan, medium-range, low pressure;for dust air,woodchips,fibrous materials;Built in painted sheet iron, impeller statically and dynamically balanced;according to ISO standards, three phase electric motor 400 Volt 50Hz IP55 ;cl isol.F trop. IE2;outlet flange               inlet flange             flexible outlet                   flexible inlet;shock absorbers        inspection door         drain plug                inlet protection grid;;7-635-45-4;635
TZM1000/4R;55;1475;308;1359;1685;710;1993;710;284;1180;715;775;815;16;801;569;921;689;1128;600;800;17000;21600;27000;30000;34000;;358;348;333;305;298;;96;opened blade fan, medium-range, low pressure;for dust air,woodchips,fibrous materials;Built in painted sheet iron, impeller statically and dynamically balanced;according to ISO standards, three phase electric motor 400 Volt 50Hz IP55 ;cl isol.F trop. IE2;outlet flange               inlet flange             flexible outlet                   flexible inlet;shock absorbers        inspection door         drain plug                inlet protection grid;;7-715-55-4;715
TZM1000/4;75;1480;308;1489;1685;710;1993;710;284;1180;715;775;815;16;801;569;921;689;1128;690;918;17000;23800;30000;38000;47000;;428;408;388;368;320;;97;opened blade fan, medium-range, low pressure;for dust air,woodchips,fibrous materials;Built in painted sheet iron, impeller statically and dynamically balanced;according to ISO standards, three phase electric motor 400 Volt 50Hz IP55 ;cl isol.F trop. IE2;outlet flange               inlet flange             flexible outlet                   flexible inlet;shock absorbers        inspection door         drain plug                inlet protection grid;;7-715-75-4;715
TM560;3;1435;95;580;805;375;890;323;99;500;285;332;365;8;258;185;328;255;324;250;120;2700;3000;3360;3780;4260;;154;150;146;142;137;;72;opened forward curved blades fan, medium-range, medium pressure;for dust air,woodchips,fibrous materials;Built in painted sheet iron, impeller statically and dynamically balanced;according to ISO standards, three phase electric motor 400 Volt 50Hz IP55 ;cl isol.F trop. IE2;outlet flange               inlet flange             flexible outlet                   flexible inlet;shock absorbers        inspection door         drain plug                inlet protection grid;;8-285-3-4;285
TM630;4;1435;132;600;930;425;1000;342;120;560;321;366;401;8;315;224;395;304;324;250;150;2700;3360;4260;4800;5400;;185;179;165;154;138;;73;opened forward curved blades fan, medium-range, medium pressure;for dust air,woodchips,fibrous materials;Built in painted sheet iron, impeller statically and dynamically balanced;according to ISO standards, three phase electric motor 400 Volt 50Hz IP55 ;cl isol.F trop. IE2;outlet flange               inlet flange             flexible outlet                   flexible inlet;shock absorbers        inspection door         drain plug                inlet protection grid;;8-321-4-4;321
TM710R;5.5;1440;145;700;1005;475;1115;382;132;630;361;405;441;8;355;250;435;330;392;320;196;3360;4260;5400;6000;6720;;213;206;193;185;175;;75;opened forward curved blades fan, medium-range, medium pressure;for dust air,woodchips,fibrous materials;Built in painted sheet iron, impeller statically and dynamically balanced;according to ISO standards, three phase electric motor 400 Volt 50Hz IP55 ;cl isol.F trop. IE2;outlet flange               inlet flange             flexible outlet                   flexible inlet;shock absorbers        inspection door         drain plug                inlet protection grid;;8-361-5.5-4;361
TM710;7.5;1445;145;700;1005;475;1115;382;132;630;361;405;441;8;355;250;435;330;392;320;206;3780;4800;6000;6720;7500;;240;233;215;200;180;;76;opened forward curved blades fan, medium-range, medium pressure;for dust air,woodchips,fibrous materials;Built in painted sheet iron, impeller statically and dynamically balanced;according to ISO standards, three phase electric motor 400 Volt 50Hz IP55 ;cl isol.F trop. IE2;outlet flange               inlet flange             flexible outlet                   flexible inlet;shock absorbers        inspection door         drain plug                inlet protection grid;;8-361-7.5-4;361
TM800R;11;1440;160;870;1120;530;1250;430;146;710;406;448;486;12;400;280;480;360;440;425;255;5400;6720;8400;9600;10800;;295;286;262;242;218;;78;opened forward curved blades fan, medium-range, medium pressure;for dust air,woodchips,fibrous materials;Built in painted sheet iron, impeller statically and dynamically balanced;according to ISO standards, three phase electric motor 400 Volt 50Hz IP55 ;cl isol.F trop. IE2;outlet flange               inlet flange             flexible outlet                   flexible inlet;shock absorbers        inspection door         drain plug                inlet protection grid;;8-406-11-4;406
TM800;15;1440;160;870;1120;530;1250;430;146;710;406;448;486;12;400;280;480;360;440;425;275;6720;8400;10800;12000;13500;;330;318;292;275;250;;79;opened forward curved blades fan, medium-range, medium pressure;for dust air,woodchips,fibrous materials;Built in painted sheet iron, impeller statically and dynamically balanced;according to ISO standards, three phase electric motor 400 Volt 50Hz IP55 ;cl isol.F trop. IE2;outlet flange               inlet flange             flexible outlet                   flexible inlet;shock absorbers        inspection door         drain plug                inlet protection grid;;8-406-15-4;406
TM900R;18.5;1460;181;905;1120;530;1250;405;165;710;506;551;586;12;450;315;530;395;500;470;330;9600;10800;12000;13500;15000;;322;315;305;290;272;;81;opened forward curved blades fan, medium-range, medium pressure;for dust air,woodchips,fibrous materials;Built in painted sheet iron, impeller statically and dynamically balanced;according to ISO standards, three phase electric motor 400 Volt 50Hz IP55 ;cl isol.F trop. IE2;outlet flange               inlet flange             flexible outlet                   flexible inlet;shock absorbers        inspection door         drain plug                inlet protection grid;;8-506-18.5-4;506
TM900;22;1460;181;980;1120;530;1250;405;165;710;506;551;586;12;450;315;530;395;500;470;350;9600;12000;15000;16800;18900;;322;305;272;251;225;;82;opened forward curved blades fan, medium-range, medium pressure;for dust air,woodchips,fibrous materials;Built in painted sheet iron, impeller statically and dynamically balanced;according to ISO standards, three phase electric motor 400 Volt 50Hz IP55 ;cl isol.F trop. IE2;outlet flange               inlet flange             flexible outlet                   flexible inlet;shock absorbers        inspection door         drain plug                inlet protection grid;;8-506-22-4;506
TM950;30;1460;181;999;1120;530;1250;405;165;710;565;629;665;12;450;315;530;395;500;470;430;15000;16800;18900;21000;22980;;322;315;305;290;272;;83;opened forward curved blades fan, medium-range, medium pressure;for dust air,woodchips,fibrous materials;Built in painted sheet iron, impeller statically and dynamically balanced;according to ISO standards, three phase electric motor 400 Volt 50Hz IP55 ;cl isol.F trop. IE2;outlet flange               inlet flange             flexible outlet                   flexible inlet;shock absorbers        inspection door         drain plug                inlet protection grid;;8-565-30-4;565
XM560;3;1435;95;580;805;375;890;323;99;500;285;332;365;8;258;185;328;255;324;250;120;3360;3780;4260;4800;5400;;154;150;146;142;137;;72;opened forward curved blades fan, medium-range, medium pressure;for dust air,woodchips,fibrous materials;Built in painted sheet iron, impeller statically and dynamically balanced;according to ISO standards, three phase electric motor 400 Volt 50Hz IP55 ;cl isol.F trop. IE2;outlet flange               inlet flange             flexible outlet                   flexible inlet;shock absorbers        inspection door         drain plug                inlet protection grid;;9-285-3-4;285
XM630;4;1435;132;600;930;425;1000;342;120;560;321;366;401;8;315;224;395;304;324;250;150;3360;4260;5400;6000;6720;;185;179;165;154;138;;73;opened forward curved blades fan, medium-range, medium pressure;for dust air,woodchips,fibrous materials;Built in painted sheet iron, impeller statically and dynamically balanced;according to ISO standards, three phase electric motor 400 Volt 50Hz IP55 ;cl isol.F trop. IE2;outlet flange               inlet flange             flexible outlet                   flexible inlet;shock absorbers        inspection door         drain plug                inlet protection grid;;9-321-4-4;321
XM670;5.5;1440;145;700;1005;475;1115;382;132;630;361;405;441;8;355;250;435;330;392;320;196;4260;5400;6720;7500;8400;;213;206;193;185;175;;75;opened forward curved blades fan, medium-range, medium pressure;for dust air,woodchips,fibrous materials;Built in painted sheet iron, impeller statically and dynamically balanced;according to ISO standards, three phase electric motor 400 Volt 50Hz IP55 ;cl isol.F trop. IE2;outlet flange               inlet flange             flexible outlet                   flexible inlet;shock absorbers        inspection door         drain plug                inlet protection grid;;9-361-5.5-4;361
XM700;7.5;1445;145;700;1005;475;1115;382;132;630;361;405;441;8;355;250;435;330;392;320;206;4800;6000;7500;8400;9600;;240;233;215;200;180;;76;opened forward curved blades fan, medium-range, medium pressure;for dust air,woodchips,fibrous materials;Built in painted sheet iron, impeller statically and dynamically balanced;according to ISO standards, three phase electric motor 400 Volt 50Hz IP55 ;cl isol.F trop. IE2;outlet flange               inlet flange             flexible outlet                   flexible inlet;shock absorbers        inspection door         drain plug                inlet protection grid;;9-361-7.5-4;361
XM750;11;1440;160;870;1120;530;1250;430;146;710;406;448;486;12;400;280;480;360;440;425;255;6720;8400;10800;12000;13500;;295;286;262;242;218;;78;opened forward curved blades fan, medium-range, medium pressure;for dust air,woodchips,fibrous materials;Built in painted sheet iron, impeller statically and dynamically balanced;according to ISO standards, three phase electric motor 400 Volt 50Hz IP55 ;cl isol.F trop. IE2;outlet flange               inlet flange             flexible outlet                   flexible inlet;shock absorbers        inspection door         drain plug                inlet protection grid;;9-406-11-4;406
XM800;15;1440;160;870;1120;530;1250;430;146;710;406;448;486;12;400;280;480;360;440;425;275;8400;10800;13500;15000;16800;;330;318;292;275;250;;79;opened forward curved blades fan, medium-range, medium pressure;for dust air,woodchips,fibrous materials;Built in painted sheet iron, impeller statically and dynamically balanced;according to ISO standards, three phase electric motor 400 Volt 50Hz IP55 ;cl isol.F trop. IE2;outlet flange               inlet flange             flexible outlet                   flexible inlet;shock absorbers        inspection door         drain plug                inlet protection grid;;9-406-15-4;406
XM820;18.5;1460;181;905;1120;530;1250;405;165;710;506;551;586;12;450;315;530;395;500;470;330;12000;13500;15000;16800;18900;;322;315;305;290;272;;81;opened forward curved blades fan, medium-range, medium pressure;for dust air,woodchips,fibrous materials;Built in painted sheet iron, impeller statically and dynamically balanced;according to ISO standards, three phase electric motor 400 Volt 50Hz IP55 ;cl isol.F trop. IE2;outlet flange               inlet flange             flexible outlet                   flexible inlet;shock absorbers        inspection door         drain plug                inlet protection grid;;9-506-18.5-4;506
XM830;22;1460;181;980;1120;530;1250;405;165;710;506;551;586;12;450;315;530;395;500;470;350;12000;15000;18900;21000;22980;;322;305;272;251;225;;82;opened forward curved blades fan, medium-range, medium pressure;for dust air,woodchips,fibrous materials;Built in painted sheet iron, impeller statically and dynamically balanced;according to ISO standards, three phase electric motor 400 Volt 50Hz IP55 ;cl isol.F trop. IE2;outlet flange               inlet flange             flexible outlet                   flexible inlet;shock absorbers        inspection door         drain plug                inlet protection grid;;9-506-22-4;506
XM850;30;1460;181;999;1120;530;1250;405;165;710;565;629;665;12;450;315;530;395;500;470;430;18900;21000;22980;24780;27360;;322;315;305;290;272;;83;opened forward curved blades fan, medium-range, medium pressure;for dust air,woodchips,fibrous materials;Built in painted sheet iron, impeller statically and dynamically balanced;according to ISO standards, three phase electric motor 400 Volt 50Hz IP55 ;cl isol.F trop. IE2;outlet flange               inlet flange             flexible outlet                   flexible inlet;shock absorbers        inspection door         drain plug                inlet protection grid;;9-565-30-4;565
TZA400/2R;0.75;2830;42;330;590;280;658;273;38;375;130;165;190;4;95;68;155;128;225;180;31;72;144;216;288;360;;285;275;265;255;250;;76;opened forward curved blades fan, low-range, high pressure;for dust air,woodchips,fibrous materials;Built in painted sheet iron, impeller statically and dynamically balanced;according to ISO standards, three phase electric motor 400 Volt 50Hz IP55 ;cl isol.F trop. IE2;outlet flange               inlet flange             flexible outlet                   flexible inlet;shock absorbers        inspection door         drain plug                inlet protection grid;;10-130-0.75-2;130
TZA400/2;1.1;2840;42;330;590;280;658;273;38;375;130;165;190;4;95;68;155;128;225;180;32;72;216;360;576;792;;285;265;250;235;190;;76;opened forward curved blades fan, low-range, high pressure;for dust air,woodchips,fibrous materials;Built in painted sheet iron, impeller statically and dynamically balanced;according to ISO standards, three phase electric motor 400 Volt 50Hz IP55 ;cl isol.F trop. IE2;outlet flange               inlet flange             flexible outlet                   flexible inlet;shock absorbers        inspection door         drain plug                inlet protection grid;;10-130-1.1-2;130
TZA450/2R;1.1;2840;46;340;645;300;715;305;42;400;145;182;215;8;105;76;165;136;225;180;36;108;216;288;360;468;;355;345;340;360;330;;79;opened forward curved blades fan, low-range, high pressure;for dust air,woodchips,fibrous materials;Built in painted sheet iron, impeller statically and dynamically balanced;according to ISO standards, three phase electric motor 400 Volt 50Hz IP55 ;cl isol.F trop. IE2;outlet flange               inlet flange             flexible outlet                   flexible inlet;shock absorbers        inspection door         drain plug                inlet protection grid;;10-145-1.1-2;145
TZA450/2;1.5;2840;46;375;645;300;715;305;42;400;145;182;215;8;105;76;165;136;260;205;40;108;252;396;576;792;;355;345;335;320;290;;80;opened forward curved blades fan, low-range, high pressure;for dust air,woodchips,fibrous materials;Built in painted sheet iron, impeller statically and dynamically balanced;according to ISO standards, three phase electric motor 400 Volt 50Hz IP55 ;cl isol.F trop. IE2;outlet flange               inlet flange             flexible outlet                   flexible inlet;shock absorbers        inspection door         drain plug                inlet protection grid;;10-145-1.5-2;145
TZA500/2R;2.2;2850;52;385;715;335;795;342;47;450;165;200;235;8;117;85;177;145;260;205;58;180;324;468;648;900;;455;455;440;430;400;;83;opened forward curved blades fan, low-range, high pressure;for dust air,woodchips,fibrous materials;Built in painted sheet iron, impeller statically and dynamically balanced;according to ISO standards, three phase electric motor 400 Volt 50Hz IP55 ;cl isol.F trop. IE2;outlet flange               inlet flange             flexible outlet                   flexible inlet;shock absorbers        inspection door         drain plug                inlet protection grid;;10-165-2.2-2;165
TZA500/2;3;2900;52;455;715;335;795;342;47;450;165;200;235;8;117;85;177;145;324;250;65;180;324;504;792;1296;;455;455;440;410;355;;83;opened forward curved blades fan, low-range, high pressure;for dust air,woodchips,fibrous materials;Built in painted sheet iron, impeller statically and dynamically balanced;according to ISO standards, three phase electric motor 400 Volt 50Hz IP55 ;cl isol.F trop. IE2;outlet flange               inlet flange             flexible outlet                   flexible inlet;shock absorbers        inspection door         drain plug                inlet protection grid;;10-165-3-2;165
TZA560/2R;3;2900;59;465;805;375;890;387;54;500;185;219;250;8;131;95;191;155;324;250;80;288;360;468;576;720;;575;570;565;565;555;;87;opened forward curved blades fan, low-range, high pressure;for dust air,woodchips,fibrous materials;Built in painted sheet iron, impeller statically and dynamically balanced;according to ISO standards, three phase electric motor 400 Volt 50Hz IP55 ;cl isol.F trop. IE2;outlet flange               inlet flange             flexible outlet                   flexible inlet;shock absorbers        inspection door         drain plug                inlet protection grid;;10-185-3-2;185
TZA560/2;4;2910;59;465;805;375;890;387;54;500;185;219;250;8;131;95;191;155;324;250;85;288;468;648;900;1296;;575;565;560;540;505;;87;opened forward curved blades fan, low-range, high pressure;for dust air,woodchips,fibrous materials;Built in painted sheet iron, impeller statically and dynamically balanced;according to ISO standards, three phase electric motor 400 Volt 50Hz IP55 ;cl isol.F trop. IE2;outlet flange               inlet flange             flexible outlet                   flexible inlet;shock absorbers        inspection door         drain plug                inlet protection grid;;10-185-4-2;185
TZA630/2R;5.5;2890;65;545;910;425;1000;436;59;560;205;241;275;8;146;105;216;175;372;300;122;468;648;792;1044;1296;;720;715;705;690;675;;91;opened forward curved blades fan, low-range, high pressure;for dust air,woodchips,fibrous materials;Built in painted sheet iron, impeller statically and dynamically balanced;according to ISO standards, three phase electric motor 400 Volt 50Hz IP55 ;cl isol.F trop. IE2;outlet flange               inlet flange             flexible outlet                   flexible inlet;shock absorbers        inspection door         drain plug                inlet protection grid;;10-205-5.5-2;205
TZA630/2;7.5;2890;65;545;910;425;1000;436;59;560;205;241;275;8;146;105;216;175;372;300;128;468;720;1044;1476;2124;;720;710;690;660;605;;91;opened forward curved blades fan, low-range, high pressure;for dust air,woodchips,fibrous materials;Built in painted sheet iron, impeller statically and dynamically balanced;according to ISO standards, three phase electric motor 400 Volt 50Hz IP55 ;cl isol.F trop. IE2;outlet flange               inlet flange             flexible outlet                   flexible inlet;shock absorbers        inspection door         drain plug                inlet protection grid;;10-205-7.5-2;205
TZA710/2R1;7.5;2890;70;555;1015;475;1122;488;65;630;228;265;298;8;166;117;236;187;372;300;148;720;792;900;1044;;;930;930;925;920;;;94;opened forward curved blades fan, low-range, high pressure;for dust air,woodchips,fibrous materials;Built in painted sheet iron, impeller statically and dynamically balanced;according to ISO standards, three phase electric motor 400 Volt 50Hz IP55 ;cl isol.F trop. IE2;outlet flange               inlet flange             flexible outlet                   flexible inlet;shock absorbers        inspection door         drain plug                inlet protection grid;;10-228-7.5-2;228
TZA710/2R;9.2;2900;70;555;1015;475;1122;488;65;630;228;265;298;8;166;117;236;187;372;300;163;720;900;1152;1296;1476;;930;925;915;910;900;;94;opened forward curved blades fan, low-range, high pressure;for dust air,woodchips,fibrous materials;Built in painted sheet iron, impeller statically and dynamically balanced;according to ISO standards, three phase electric motor 400 Volt 50Hz IP55 ;cl isol.F trop. IE2;outlet flange               inlet flange             flexible outlet                   flexible inlet;shock absorbers        inspection door         drain plug                inlet protection grid;;10-228-9.2-2;228
TZA710/2;11;2920;70;690;1015;475;1122;488;65;630;228;265;298;8;166;117;236;187;440;415;185;720;1044;1296;1656;2124;;930;920;910;890;860;;94;opened forward curved blades fan, low-range, high pressure;for dust air,woodchips,fibrous materials;Built in painted sheet iron, impeller statically and dynamically balanced;according to ISO standards, three phase electric motor 400 Volt 50Hz IP55 ;cl isol.F trop. IE2;outlet flange               inlet flange             flexible outlet                   flexible inlet;shock absorbers        inspection door         drain plug                inlet protection grid;;10-228-11-2;228
TZA800/2R1;11;2920;78;705;1140;530;1265;551;72;710;255;292;325;8;185;131;255;201;440;415;245;900;1152;1476;1656;1872;;1070;1060;1050;1040;1030;;96;opened forward curved blades fan, low-range, high pressure;for dust air,woodchips,fibrous materials;Built in painted sheet iron, impeller statically and dynamically balanced;according to ISO standards, three phase electric motor 400 Volt 50Hz IP55 ;cl isol.F trop. IE2;outlet flange               inlet flange             flexible outlet                   flexible inlet;shock absorbers        inspection door         drain plug                inlet protection grid;;10-255-11-2;255
TZA800/2R;15;2925;78;705;1140;530;1265;551;72;710;255;292;325;8;185;131;255;201;440;415;248;900;1152;1476;1656;1872;;1190;1180;1170;1165;1155;;97;opened forward curved blades fan, low-range, high pressure;for dust air,woodchips,fibrous materials;Built in painted sheet iron, impeller statically and dynamically balanced;according to ISO standards, three phase electric motor 400 Volt 50Hz IP55 ;cl isol.F trop. IE2;outlet flange               inlet flange             flexible outlet                   flexible inlet;shock absorbers        inspection door         drain plug                inlet protection grid;;10-255-15-2;255
TZA800/2;18.5;2925;78;705;1140;530;1265;551;72;710;255;292;325;8;185;131;255;201;440;415;282;900;1296;1656;2124;2664;;1190;1180;1165;1145;1115;;97;opened forward curved blades fan, low-range, high pressure;for dust air,woodchips,fibrous materials;Built in painted sheet iron, impeller statically and dynamically balanced;according to ISO standards, three phase electric motor 400 Volt 50Hz IP55 ;cl isol.F trop. IE2;outlet flange               inlet flange             flexible outlet                   flexible inlet;shock absorbers        inspection door         drain plug                inlet protection grid;;10-255-18.5-2;255
TZA800/4R;3;1430;78;505;1140;530;1265;551;72;710;255;292;325;8;185;131;255;201;324;250;169;504;720;1044;1476;2124;;260;250;245;230;215;;78;opened forward curved blades fan, low-range, high pressure;for dust air,woodchips,fibrous materials;Built in painted sheet iron, impeller statically and dynamically balanced;according to ISO standards, three phase electric motor 400 Volt 50Hz IP55 ;cl isol.F trop. IE2;outlet flange               inlet flange             flexible outlet                   flexible inlet;shock absorbers        inspection door         drain plug                inlet protection grid;;10-255-3-4;255
TZA800/4;4;1425;78;505;1140;530;1265;551;72;710;255;292;325;8;185;131;255;201;324;250;178;504;720;1044;1476;2124;;285;275;270;255;240;;79;opened forward curved blades fan, low-range, high pressure;for dust air,woodchips,fibrous materials;Built in painted sheet iron, impeller statically and dynamically balanced;according to ISO standards, three phase electric motor 400 Volt 50Hz IP55 ;cl isol.F trop. IE2;outlet flange               inlet flange             flexible outlet                   flexible inlet;shock absorbers        inspection door         drain plug                inlet protection grid;;10-255-4-4;255
TZA900/4R;5.5;1440;86;585;1285;600;1428;620;80;800;285;332;365;8;207;148;277;218;372;300;266;720;1044;1476;2124;3024;;325;320;310;300;285;;81;opened forward curved blades fan, low-range, high pressure;for dust air,woodchips,fibrous materials;Built in painted sheet iron, impeller statically and dynamically balanced;according to ISO standards, three phase electric motor 400 Volt 50Hz IP55 ;cl isol.F trop. IE2;outlet flange               inlet flange             flexible outlet                   flexible inlet;shock absorbers        inspection door         drain plug                inlet protection grid;;10-285-5.5-4;285
TZA900/4;7.5;1450;86;585;1285;600;1428;620;80;800;285;332;365;8;207;148;277;218;372;300;294;720;1044;1476;2124;3024;;365;360;350;335;310;;82;opened forward curved blades fan, low-range, high pressure;for dust air,woodchips,fibrous materials;Built in painted sheet iron, impeller statically and dynamically balanced;according to ISO standards, three phase electric motor 400 Volt 50Hz IP55 ;cl isol.F trop. IE2;outlet flange               inlet flange             flexible outlet                   flexible inlet;shock absorbers        inspection door         drain plug                inlet protection grid;;10-285-7.5-4;285
TZA1000/4R;9.2;1460;95;605;1430;670;1590;690;91;900;320;366;400;8;231;166;301;236;372;300;369;1044;1476;2124;3024;4140;;425;420;410;395;365;;85;opened forward curved blades fan, low-range, high pressure;for dust air,woodchips,fibrous materials;Built in painted sheet iron, impeller statically and dynamically balanced;according to ISO standards, three phase electric motor 400 Volt 50Hz IP55 ;cl isol.F trop. IE2;outlet flange               inlet flange             flexible outlet                   flexible inlet;shock absorbers        inspection door         drain plug                inlet protection grid;;10-320-9.2-4;320
TZA1000/4;11;1455;95;740;1430;670;1590;690;91;900;320;366;400;8;231;166;301;236;440;415;457;1044;1476;2124;3024;4140;;450;440;430;415;400;;87;opened forward curved blades fan, low-range, high pressure;for dust air,woodchips,fibrous materials;Built in painted sheet iron, impeller statically and dynamically balanced;according to ISO standards, three phase electric motor 400 Volt 50Hz IP55 ;cl isol.F trop. IE2;outlet flange               inlet flange             flexible outlet                   flexible inlet;shock absorbers        inspection door         drain plug                inlet protection grid;;10-320-11-4;320
TZB400/2;2.2;2850;71;425;590;280;658;238;63;375;185;219;250;8;166;117;236;187;276;205;45;432;648;792;1044;1296;;300;300;295;290;280;;80;opened forward curved blades fan, low-range, high pressure;for dust air,woodchips,fibrous materials;Built in painted sheet iron, impeller statically and dynamically balanced;according to ISO standards, three phase electric motor 400 Volt 50Hz IP55 ;cl isol.F trop. IE2;outlet flange               inlet flange             flexible outlet                   flexible inlet;shock absorbers        inspection door         drain plug                inlet protection grid;;11-185-2.2-2;185
TZB450/2R;3;2900;78;505;645;300;715;265;70;400;205;241;275;8;185;131;255;201;324;250;60;648;792;1044;1152;1296;;395;400;390;385;385;;83;opened forward curved blades fan, low-range, high pressure;for dust air,woodchips,fibrous materials;Built in painted sheet iron, impeller statically and dynamically balanced;according to ISO standards, three phase electric motor 400 Volt 50Hz IP55 ;cl isol.F trop. IE2;outlet flange               inlet flange             flexible outlet                   flexible inlet;shock absorbers        inspection door         drain plug                inlet protection grid;;11-205-3-2;205
TZB450/2;4;2910;78;505;645;300;715;265;70;400;205;241;275;8;185;131;255;201;324;250;65;648;900;1152;1476;1836;;395;395;385;385;375;;83;opened forward curved blades fan, low-range, high pressure;for dust air,woodchips,fibrous materials;Built in painted sheet iron, impeller statically and dynamically balanced;according to ISO standards, three phase electric motor 400 Volt 50Hz IP55 ;cl isol.F trop. IE2;outlet flange               inlet flange             flexible outlet                   flexible inlet;shock absorbers        inspection door         drain plug                inlet protection grid;;11-205-4-2;205
TZB500/2R1;5.5;2890;86;585;715;335;795;298;78;450;228;265;298;8;207;148;277;218;374;300;97;1044;1296;1620;2160;2376;;475;480;475;470;465;;86;opened forward curved blades fan, low-range, high pressure;for dust air,woodchips,fibrous materials;Built in painted sheet iron, impeller statically and dynamically balanced;according to ISO standards, three phase electric motor 400 Volt 50Hz IP55 ;cl isol.F trop. IE2;outlet flange               inlet flange             flexible outlet                   flexible inlet;shock absorbers        inspection door         drain plug                inlet protection grid;;11-228-5.5-2;228
TZB500/2R;7.5;2890;86;585;715;335;795;298;78;450;228;265;298;8;207;148;277;218;374;300;103;1044;1476;2160;2628;3348;;475;475;470;465;450;;86;opened forward curved blades fan, low-range, high pressure;for dust air,woodchips,fibrous materials;Built in painted sheet iron, impeller statically and dynamically balanced;according to ISO standards, three phase electric motor 400 Volt 50Hz IP55 ;cl isol.F trop. IE2;outlet flange               inlet flange             flexible outlet                   flexible inlet;shock absorbers        inspection door         drain plug                inlet protection grid;;11-228-7.5-2;228
TZB560/2R;9.2;2900;95;605;805;375;890;338;89;500;255;292;325;8;231;166;301;236;372;300;135;1296;1620;2160;2628;2988;;610;615;610;605;600;;90;opened forward curved blades fan, low-range, high pressure;for dust air,woodchips,fibrous materials;Built in painted sheet iron, impeller statically and dynamically balanced;according to ISO standards, three phase electric motor 400 Volt 50Hz IP55 ;cl isol.F trop. IE2;outlet flange               inlet flange             flexible outlet                   flexible inlet;shock absorbers        inspection door         drain plug                inlet protection grid;;11-255-9.2-2;255
TZB560/2;11;2920;95;740;805;375;890;338;89;500;255;292;325;8;231;166;301;236;444;415;158;1296;1836;2628;3348;4176;;610;615;605;595;585;;90;opened forward curved blades fan, low-range, high pressure;for dust air,woodchips,fibrous materials;Built in painted sheet iron, impeller statically and dynamically balanced;according to ISO standards, three phase electric motor 400 Volt 50Hz IP55 ;cl isol.F trop. IE2;outlet flange               inlet flange             flexible outlet                   flexible inlet;shock absorbers        inspection door         drain plug                inlet protection grid;;11-255-11-2;255
TZB630/2R;15;2925;105;760;910;425;1000;381;99;560;285;332;365;8;258;185;328;255;444;415;193;1620;2160;2628;3348;3744;;770;775;770;765;765;;94;opened forward curved blades fan, low-range, high pressure;for dust air,woodchips,fibrous materials;Built in painted sheet iron, impeller statically and dynamically balanced;according to ISO standards, three phase electric motor 400 Volt 50Hz IP55 ;cl isol.F trop. IE2;outlet flange               inlet flange             flexible outlet                   flexible inlet;shock absorbers        inspection door         drain plug                inlet protection grid;;11-285-15-2;285
TZB630/2;18.5;2925;105;760;910;425;1000;381;99;560;285;332;365;8;258;185;328;255;444;415;203;1620;2376;3348;4176;5328;;770;775;765;760;750;;94;opened forward curved blades fan, low-range, high pressure;for dust air,woodchips,fibrous materials;Built in painted sheet iron, impeller statically and dynamically balanced;according to ISO standards, three phase electric motor 400 Volt 50Hz IP55 ;cl isol.F trop. IE2;outlet flange               inlet flange             flexible outlet                   flexible inlet;shock absorbers        inspection door         drain plug                inlet protection grid;;11-285-18.5-2;285
TZB710/2R1;22;2930;115;785;1015;475;1122;426;108;630;320;366;400;8;288;205;368;285;490;460;253;2160;2628;3348;4176;4680;;990;995;990;985;985;;97;opened forward curved blades fan, low-range, high pressure;for dust air,woodchips,fibrous materials;Built in painted sheet iron, impeller statically and dynamically balanced;according to ISO standards, three phase electric motor 400 Volt 50Hz IP55 ;cl isol.F trop. IE2;outlet flange               inlet flange             flexible outlet                   flexible inlet;shock absorbers        inspection door         drain plug                inlet protection grid;;11-320-22-2;320
TZB710/2R;30;2945;115;860;1015;475;1122;426;108;630;320;366;400;8;288;205;368;285;568;500;365;2160;2988;4176;5328;6768;;990;995;985;980;970;;97;opened forward curved blades fan, low-range, high pressure;for dust air,woodchips,fibrous materials;Built in painted sheet iron, impeller statically and dynamically balanced;according to ISO standards, three phase electric motor 400 Volt 50Hz IP55 ;cl isol.F trop. IE2;outlet flange               inlet flange             flexible outlet                   flexible inlet;shock absorbers        inspection door         drain plug                inlet protection grid;;11-320-30-2;320
TZB710/2;37;2945;115;860;1015;475;1122;426;108;630;320;366;400;8;288;205;368;285;568;500;373;2160;2988;4176;6048;8424;;990;995;985;975;960;;97;opened forward curved blades fan, low-range, high pressure;for dust air,woodchips,fibrous materials;Built in painted sheet iron, impeller statically and dynamically balanced;according to ISO standards, three phase electric motor 400 Volt 50Hz IP55 ;cl isol.F trop. IE2;outlet flange               inlet flange             flexible outlet                   flexible inlet;shock absorbers        inspection door         drain plug                inlet protection grid;;11-320-37-2;320
TZB800/2R1;37;2945;127;885;1140;530;1265;481;121;710;360;405;440;8;322;229;402;309;568;500;415;2628;3744;4680;6048;7560;;1140;1150;1140;1135;1130;;101;opened forward curved blades fan, low-range, high pressure;for dust air,woodchips,fibrous materials;Built in painted sheet iron, impeller statically and dynamically balanced;according to ISO standards, three phase electric motor 400 Volt 50Hz IP55 ;cl isol.F trop. IE2;outlet flange               inlet flange             flexible outlet                   flexible inlet;shock absorbers        inspection door         drain plug                inlet protection grid;;11-360-37-2;360
TZB800/2R;45;2960;127;960;1140;530;1265;481;121;710;360;405;440;8;322;229;402;309;616;540;472;2628;3744;4680;6048;7560;;1260;1255;1255;1250;1250;;102;opened forward curved blades fan, low-range, high pressure;for dust air,woodchips,fibrous materials;Built in painted sheet iron, impeller statically and dynamically balanced;according to ISO standards, three phase electric motor 400 Volt 50Hz IP55 ;cl isol.F trop. IE2;outlet flange               inlet flange             flexible outlet                   flexible inlet;shock absorbers        inspection door         drain plug                inlet protection grid;;11-360-45-2;360
TZB800/2;55;2960;127;960;1140;530;1265;481;121;710;360;405;440;8;322;229;402;309;690;600;554;2628;3744;5328;7560;10620;;1260;1255;1250;1250;1235;;102;opened forward curved blades fan, low-range, high pressure;for dust air,woodchips,fibrous materials;Built in painted sheet iron, impeller statically and dynamically balanced;according to ISO standards, three phase electric motor 400 Volt 50Hz IP55 ;cl isol.F trop. IE2;outlet flange               inlet flange             flexible outlet                   flexible inlet;shock absorbers        inspection door         drain plug                inlet protection grid;;11-360-55-2;360
TZB800/4R;7.5;1450;127;670;1140;530;1265;481;121;710;360;405;440;8;322;229;402;309;374;300;250;1836;2628;3744;5328;6768;;270;275;265;260;250;;82;opened forward curved blades fan, low-range, high pressure;for dust air,woodchips,fibrous materials;Built in painted sheet iron, impeller statically and dynamically balanced;according to ISO standards, three phase electric motor 400 Volt 50Hz IP55 ;cl isol.F trop. IE2;outlet flange               inlet flange             flexible outlet                   flexible inlet;shock absorbers        inspection door         drain plug                inlet protection grid;;11-360-7.5-4;360
TZB800/4;9.2;1460;127;670;1140;530;1265;481;121;710;360;405;440;8;322;229;402;309;374;300;270;1836;2628;3744;5328;6768;;300;305;295;290;280;;83;opened forward curved blades fan, low-range, high pressure;for dust air,woodchips,fibrous materials;Built in painted sheet iron, impeller statically and dynamically balanced;according to ISO standards, three phase electric motor 400 Volt 50Hz IP55 ;cl isol.F trop. IE2;outlet flange               inlet flange             flexible outlet                   flexible inlet;shock absorbers        inspection door         drain plug                inlet protection grid;;11-360-9.2-4;360
TZB900/4R;11;1455;141;835;1285;600;1428;542;136;800;405;448;485;12;361;256;441;336;444;415;440;2628;3744;4680;6048;7560;;365;365;360;355;350;;85;opened forward curved blades fan, low-range, high pressure;for dust air,woodchips,fibrous materials;Built in painted sheet iron, impeller statically and dynamically balanced;according to ISO standards, three phase electric motor 400 Volt 50Hz IP55 ;cl isol.F trop. IE2;outlet flange               inlet flange             flexible outlet                   flexible inlet;shock absorbers        inspection door         drain plug                inlet protection grid;;11-405-11-4;405
TZB900/4;15;1460;141;835;1285;600;1428;542;136;800;405;448;485;12;361;256;441;336;444;415;478;2628;3744;5328;6768;8424;;395;400;390;385;375;;86;opened forward curved blades fan, low-range, high pressure;for dust air,woodchips,fibrous materials;Built in painted sheet iron, impeller statically and dynamically balanced;according to ISO standards, three phase electric motor 400 Volt 50Hz IP55 ;cl isol.F trop. IE2;outlet flange               inlet flange             flexible outlet                   flexible inlet;shock absorbers        inspection door         drain plug                inlet protection grid;;11-405-15-4;405
TZB1000/4R;18.5;1460;163;870;1430;670;1590;607;152;900;455;497;535;12;404;288;484;368;490;460;586;3744;5328;6768;8424;10620;;445;450;445;440;430;;89;opened forward curved blades fan, low-range, high pressure;for dust air,woodchips,fibrous materials;Built in painted sheet iron, impeller statically and dynamically balanced;according to ISO standards, three phase electric motor 400 Volt 50Hz IP55 ;cl isol.F trop. IE2;outlet flange               inlet flange             flexible outlet                   flexible inlet;shock absorbers        inspection door         drain plug                inlet protection grid;;11-455-18.5-4;455
TZB1000/4;22;1465;163;945;1430;670;1590;607;152;900;455;497;535;12;404;288;484;368;490;460;646;3744;5328;7560;9468;11880;;485;490;480;480;470;;90;opened forward curved blades fan, low-range, high pressure;for dust air,woodchips,fibrous materials;Built in painted sheet iron, impeller statically and dynamically balanced;according to ISO standards, three phase electric motor 400 Volt 50Hz IP55 ;cl isol.F trop. IE2;outlet flange               inlet flange             flexible outlet                   flexible inlet;shock absorbers        inspection door         drain plug                inlet protection grid;;11-455-22-4;455
ALA350/N2R1;1.5;2900;65;370;535;250;615;215;56;355;185;219;250;8;166;117;236;187;225;180;32;600;900;1175;1280;1500;;230;226;217;213;204;;75,7;opened blade fan, medium-range, medium pressure;for dust air,woodchips,fibrous materials;Built in painted sheet iron, impeller statically and dynamically balanced;according to ISO standards, three phase electric motor 400 Volt 50Hz IP55 ;cl isol.F trop. IE2;outlet flange               inlet flange             flexible outlet                   flexible inlet;shock absorbers        inspection door         drain plug                inlet protection grid;;12-185-1.5-2;185
ALA350/N2;2.2;2900;65;370;535;250;615;215;56;355;185;219;250;8;166;117;236;187;225;180;36;600;1070;1280;1700;2160;;230;221;213;192;163;;75,7;opened blade fan, medium-range, medium pressure;for dust air,woodchips,fibrous materials;Built in painted sheet iron, impeller statically and dynamically balanced;according to ISO standards, three phase electric motor 400 Volt 50Hz IP55 ;cl isol.F trop. IE2;outlet flange               inlet flange             flexible outlet                   flexible inlet;shock absorbers        inspection door         drain plug                inlet protection grid;;12-185-2.2-2;185
ALA400/N2R1;3;2900;71;425;590;280;658;238;63;375;205;241;275;8;185;131;255;201;260;205;48;900;1175;1280;1500;1700;;302;298;296;292;286;;80;opened blade fan, medium-range, medium pressure;for dust air,woodchips,fibrous materials;Built in painted sheet iron, impeller statically and dynamically balanced;according to ISO standards, three phase electric motor 400 Volt 50Hz IP55 ;cl isol.F trop. IE2;outlet flange               inlet flange             flexible outlet                   flexible inlet;shock absorbers        inspection door         drain plug                inlet protection grid;;12-205-3-2;205
ALA400/N2;4;2900;71;425;590;280;658;238;63;375;205;241;275;8;185;131;255;201;260;205;52;900;1280;1910;2420;3050;;302;296;278;257;224;;80;opened blade fan, medium-range, medium pressure;for dust air,woodchips,fibrous materials;Built in painted sheet iron, impeller statically and dynamically balanced;according to ISO standards, three phase electric motor 400 Volt 50Hz IP55 ;cl isol.F trop. IE2;outlet flange               inlet flange             flexible outlet                   flexible inlet;shock absorbers        inspection door         drain plug                inlet protection grid;;12-205-4-2;205
ALA450/N2R1;5.5;2900;78;510;645;300;715;265;70;400;228;265;298;8;207;148;277;218;324;250;63;1175;1500;1910;2160;2420;;382;380;374;368;361;;83,5;opened blade fan, medium-range, medium pressure;for dust air,woodchips,fibrous materials;Built in painted sheet iron, impeller statically and dynamically balanced;according to ISO standards, three phase electric motor 400 Volt 50Hz IP55 ;cl isol.F trop. IE2;outlet flange               inlet flange             flexible outlet                   flexible inlet;shock absorbers        inspection door         drain plug                inlet protection grid;;12-228-5.5-2;228
ALA450/N2;7.5;2900;78;510;645;300;715;265;70;400;228;265;298;8;207;148;277;218;324;250;78;1175;1700;2420;3420;4250;;382;377;361;326;288;;83,5;opened blade fan, medium-range, medium pressure;for dust air,woodchips,fibrous materials;Built in painted sheet iron, impeller statically and dynamically balanced;according to ISO standards, three phase electric motor 400 Volt 50Hz IP55 ;cl isol.F trop. IE2;outlet flange               inlet flange             flexible outlet                   flexible inlet;shock absorbers        inspection door         drain plug                inlet protection grid;;12-228-7.5-2;228
ALA500/N2R1;9.2;2900;95;585;715;335;795;285;89;450;255;292;325;8;231;166;301;236;374;300;106;1700;2160;2700;3420;3820;;471;468;460;443;433;;86,9;opened blade fan, medium-range, medium pressure;for dust air,woodchips,fibrous materials;Built in painted sheet iron, impeller statically and dynamically balanced;according to ISO standards, three phase electric motor 400 Volt 50Hz IP55 ;cl isol.F trop. IE2;outlet flange               inlet flange             flexible outlet                   flexible inlet;shock absorbers        inspection door         drain plug                inlet protection grid;;12-255-9.2-2;255
ALA500/N2;11;2900;95;725;715;335;795;285;89;450;255;292;325;8;231;166;301;236;444;415;140;1700;2420;3420;4250;5400;;471;464;443;419;372;;86,9;opened blade fan, medium-range, medium pressure;for dust air,woodchips,fibrous materials;Built in painted sheet iron, impeller statically and dynamically balanced;according to ISO standards, three phase electric motor 400 Volt 50Hz IP55 ;cl isol.F trop. IE2;outlet flange               inlet flange             flexible outlet                   flexible inlet;shock absorbers        inspection door         drain plug                inlet protection grid;;12-255-11-2;255
ALA560/N2R1;15;2900;105;740;805;375;890;323;99;500;285;332;365;8;258;185;328;255;444;415;146;2160;3050;3820;4760;6150;;570;564;552;532;491;;90;opened blade fan, medium-range, medium pressure;for dust air,woodchips,fibrous materials;Built in painted sheet iron, impeller statically and dynamically balanced;according to ISO standards, three phase electric motor 400 Volt 50Hz IP55 ;cl isol.F trop. IE2;outlet flange               inlet flange             flexible outlet                   flexible inlet;shock absorbers        inspection door         drain plug                inlet protection grid;;12-285-15-2;285
ALA560/N2;18.5;2900;105;745;805;375;890;323;99;500;285;332;365;8;258;185;328;255;444;415;155;2160;3050;4250;6150;8500;;570;564;544;491;398;;90;opened blade fan, medium-range, medium pressure;for dust air,woodchips,fibrous materials;Built in painted sheet iron, impeller statically and dynamically balanced;according to ISO standards, three phase electric motor 400 Volt 50Hz IP55 ;cl isol.F trop. IE2;outlet flange               inlet flange             flexible outlet                   flexible inlet;shock absorbers        inspection door         drain plug                inlet protection grid;;12-285-18.5-2;285
ALA600/N2R1;22;2900;105;760;910;425;1000;381;99;560;320;366;400;8;258;185;328;255;500;460;266;3050;3820;4760;6150;7650;;678;672;660;633;594;;92,8;opened blade fan, medium-range, medium pressure;for dust air,woodchips,fibrous materials;Built in painted sheet iron, impeller statically and dynamically balanced;according to ISO standards, three phase electric motor 400 Volt 50Hz IP55 ;cl isol.F trop. IE2;outlet flange               inlet flange             flexible outlet                   flexible inlet;shock absorbers        inspection door         drain plug                inlet protection grid;;12-320-22-2;320
ALA600/N2;30;2900;105;760;910;425;1000;381;99;560;320;366;400;8;258;185;328;255;568;500;386;3050;4250;6150;8500;10800;;678;668;633;568;483;;92,8;opened blade fan, medium-range, medium pressure;for dust air,woodchips,fibrous materials;Built in painted sheet iron, impeller statically and dynamically balanced;according to ISO standards, three phase electric motor 400 Volt 50Hz IP55 ;cl isol.F trop. IE2;outlet flange               inlet flange             flexible outlet                   flexible inlet;shock absorbers        inspection door         drain plug                inlet protection grid;;12-320-30-2;320
RO400/2R1;4;2910;105;560;655;285;815;319;95;500;255;292;325;8;258;185;328;255;324;250;92;1250;1600;2500;3250;3600;;214;205;181;152;107;;85;opened blade fan, medium-range, medium pressure;for dust air,woodchips,fibrous materials;Built in painted sheet iron, impeller statically and dynamically balanced;according to ISO standards, three phase electric motor 400 Volt 50Hz IP55 ;cl isol.F trop. IE2;outlet flange               inlet flange             flexible outlet                   flexible inlet;shock absorbers        inspection door         drain plug                inlet protection grid;;13-255-4-2;255
RO400/2R2;5.5;2890;105;622;655;285;815;319;95;500;255;292;325;8;258;185;328;255;372;300;105;1250;1600;2500;3250;3950;;239;221;202;178;119;;85;opened blade fan, medium-range, medium pressure;for dust air,woodchips,fibrous materials;Built in painted sheet iron, impeller statically and dynamically balanced;according to ISO standards, three phase electric motor 400 Volt 50Hz IP55 ;cl isol.F trop. IE2;outlet flange               inlet flange             flexible outlet                   flexible inlet;shock absorbers        inspection door         drain plug                inlet protection grid;;13-255-5.5-2;255
RO400/2;7.5;2890;105;622;655;285;815;319;95;500;255;292;325;8;258;185;328;255;372;300;110;1250;2150;3250;3950;4700;;268;245;212;175;125;;86;opened blade fan, medium-range, medium pressure;for dust air,woodchips,fibrous materials;Built in painted sheet iron, impeller statically and dynamically balanced;according to ISO standards, three phase electric motor 400 Volt 50Hz IP55 ;cl isol.F trop. IE2;outlet flange               inlet flange             flexible outlet                   flexible inlet;shock absorbers        inspection door         drain plug                inlet protection grid;;13-255-7.5-2;255
RO450/2R1;7.5;2890;115;648;735;320;915;357;106;560;285;332;365;8;288;205;368;285;372;300;128;2150;3250;3950;4700;5400;;308;295;286;272;258;;87;opened blade fan, medium-range, medium pressure;for dust air,woodchips,fibrous materials;Built in painted sheet iron, impeller statically and dynamically balanced;according to ISO standards, three phase electric motor 400 Volt 50Hz IP55 ;cl isol.F trop. IE2;outlet flange               inlet flange             flexible outlet                   flexible inlet;shock absorbers        inspection door         drain plug                inlet protection grid;;13-285-7.5-2;285
RO450/2;11;2920;115;783;735;320;915;357;106;560;285;332;365;8;288;205;368;285;440;415;135;2150;3250;4300;5400;6500;;350;330;315;290;260;;88;opened blade fan, medium-range, medium pressure;for dust air,woodchips,fibrous materials;Built in painted sheet iron, impeller statically and dynamically balanced;according to ISO standards, three phase electric motor 400 Volt 50Hz IP55 ;cl isol.F trop. IE2;outlet flange               inlet flange             flexible outlet                   flexible inlet;shock absorbers        inspection door         drain plug                inlet protection grid;;13-285-11-2;285
RO500/2R1;11;1920;127;807;832;360;1000;396;118;600;320;366;400;8;322;229;402;309;440;415;202;3250;3950;4700;5050;5400;;419;406;398;395;390;;90;opened blade fan, medium-range, medium pressure;for dust air,woodchips,fibrous materials;Built in painted sheet iron, impeller statically and dynamically balanced;according to ISO standards, three phase electric motor 400 Volt 50Hz IP55 ;cl isol.F trop. IE2;outlet flange               inlet flange             flexible outlet                   flexible inlet;shock absorbers        inspection door         drain plug                inlet protection grid;;13-320-11-2;320
RO500/2R1;15;2925;127;807;832;360;1000;396;118;600;320;366;400;8;322;229;402;309;440;415;214;3250;4300;5400;6850;9000;;419;401;390;366;310;;91;opened blade fan, medium-range, medium pressure;for dust air,woodchips,fibrous materials;Built in painted sheet iron, impeller statically and dynamically balanced;according to ISO standards, three phase electric motor 400 Volt 50Hz IP55 ;cl isol.F trop. IE2;outlet flange               inlet flange             flexible outlet                   flexible inlet;shock absorbers        inspection door         drain plug                inlet protection grid;;13-320-15-2;320
RO500/2;22;2925;127;807;832;360;1000;396;118;600;320;366;400;8;322;229;402;309;488;460;236;3250;4700;6500;7900;10800;;459;437;418;389;335;;93;opened blade fan, medium-range, medium pressure;for dust air,woodchips,fibrous materials;Built in painted sheet iron, impeller statically and dynamically balanced;according to ISO standards, three phase electric motor 400 Volt 50Hz IP55 ;cl isol.F trop. IE2;outlet flange               inlet flange             flexible outlet                   flexible inlet;shock absorbers        inspection door         drain plug                inlet protection grid;;13-320-22-2;320
RO560/2R1;22;2930;142;847;940;400;1126;436;132;670;360;405;440;8;361;256;441;336;488;460;302;4300;5400;6850;7900;10000;;506;477;456;446;418;;94;opened blade fan, medium-range, medium pressure;for dust air,woodchips,fibrous materials;Built in painted sheet iron, impeller statically and dynamically balanced;according to ISO standards, three phase electric motor 400 Volt 50Hz IP55 ;cl isol.F trop. IE2;outlet flange               inlet flange             flexible outlet                   flexible inlet;shock absorbers        inspection door         drain plug                inlet protection grid;;13-360-22-2;360
RO560/2;30;2945;142;922;940;400;1126;436;132;670;360;405;440;8;361;256;441;336;568;500;329;4300;5400;6850;9000;12600;;550;518;495;470;380;;95;opened blade fan, medium-range, medium pressure;for dust air,woodchips,fibrous materials;Built in painted sheet iron, impeller statically and dynamically balanced;according to ISO standards, three phase electric motor 400 Volt 50Hz IP55 ;cl isol.F trop. IE2;outlet flange               inlet flange             flexible outlet                   flexible inlet;shock absorbers        inspection door         drain plug                inlet protection grid;;13-360-30-2;360
RO560/4;4;1425;142;649;940;400;1126;436;132;670;360;405;440;8;361;256;441;336;324;250;231;2150;3250;4300;5400;6500;;145;135;125;114;100;;81;opened blade fan, medium-range, medium pressure;for dust air,woodchips,fibrous materials;Built in painted sheet iron, impeller statically and dynamically balanced;according to ISO standards, three phase electric motor 400 Volt 50Hz IP55 ;cl isol.F trop. IE2;outlet flange               inlet flange             flexible outlet                   flexible inlet;shock absorbers        inspection door         drain plug                inlet protection grid;;13-360-4-4;360
RO630/4R1;5.5;1440;158;743;1052;450;1260;490;148;750;405;448;485;12;404;288;484;368;372;300;275;3250;4300;5400;6850;7900;;136;129;125;116;109;;82;opened blade fan, medium-range, medium pressure;for dust air,woodchips,fibrous materials;Built in painted sheet iron, impeller statically and dynamically balanced;according to ISO standards, three phase electric motor 400 Volt 50Hz IP55 ;cl isol.F trop. IE2;outlet flange               inlet flange             flexible outlet                   flexible inlet;shock absorbers        inspection door         drain plug                inlet protection grid;;13-405-5.5-4;405
RO630/4;9.2;1460;158;784;1052;450;1260;490;148;750;405;448;485;12;404;288;484;368;372;300;291;3250;4700;6500;7900;10800;;175;163;152;143;105;;83;opened blade fan, medium-range, medium pressure;for dust air,woodchips,fibrous materials;Built in painted sheet iron, impeller statically and dynamically balanced;according to ISO standards, three phase electric motor 400 Volt 50Hz IP55 ;cl isol.F trop. IE2;outlet flange               inlet flange             flexible outlet                   flexible inlet;shock absorbers        inspection door         drain plug                inlet protection grid;;13-405-9.2-4;405
RO710/4R1;11;1455;185;920;1189;500;1416;558;161;850;455;497;535;12;453;322;533;402;826;415;308;4300;5400;6850;9000;12600;;173;168;161;149;141;;86;opened blade fan, medium-range, medium pressure;for dust air,woodchips,fibrous materials;Built in painted sheet iron, impeller statically and dynamically balanced;according to ISO standards, three phase electric motor 400 Volt 50Hz IP55 ;cl isol.F trop. IE2;outlet flange               inlet flange             flexible outlet                   flexible inlet;shock absorbers        inspection door         drain plug                inlet protection grid;;13-455-11-4;455
RO710/4;18.5;1460;185;978;1189;500;1416;558;161;850;455;497;535;12;453;322;533;402;826;460;345;4300;6100;7900;10800;16200;;227;220;210;195;122;;87;opened blade fan, medium-range, medium pressure;for dust air,woodchips,fibrous materials;Built in painted sheet iron, impeller statically and dynamically balanced;according to ISO standards, three phase electric motor 400 Volt 50Hz IP55 ;cl isol.F trop. IE2;outlet flange               inlet flange             flexible outlet                   flexible inlet;shock absorbers        inspection door         drain plug                inlet protection grid;;13-455-18.5-4;455
RO800/4R1;22;1465;199;1054;1340;560;1591;625;180;950;505;551;585;12;507;361;587;441;926;460;492;6100;7200;10000;14400;18000;;250;241;224;195;185;;88;opened blade fan, medium-range, medium pressure;for dust air,woodchips,fibrous materials;Built in painted sheet iron, impeller statically and dynamically balanced;according to ISO standards, three phase electric motor 400 Volt 50Hz IP55 ;cl isol.F trop. IE2;outlet flange               inlet flange             flexible outlet                   flexible inlet;shock absorbers        inspection door         drain plug                inlet protection grid;;13-505-22-4;505
RO800/4;30;1470;199;1054;1340;560;1591;625;180;950;505;551;585;12;507;361;587;441;926;500;516;6100;7900;10800;16200;21600;;295;285;268;235;190;;90;opened blade fan, medium-range, medium pressure;for dust air,woodchips,fibrous materials;Built in painted sheet iron, impeller statically and dynamically balanced;according to ISO standards, three phase electric motor 400 Volt 50Hz IP55 ;cl isol.F trop. IE2;outlet flange               inlet flange             flexible outlet                   flexible inlet;shock absorbers        inspection door         drain plug                inlet protection grid;;13-505-30-4;505
RO900/4R1;30;1470;221;1097;1500;630;1780;703;202;1060;565;629;665;12;569;404;669;504;1026;500;597;9000;10800;14400;18000;21600;;329;318;301;283;274;;91;opened blade fan, medium-range, medium pressure;for dust air,woodchips,fibrous materials;Built in painted sheet iron, impeller statically and dynamically balanced;according to ISO standards, three phase electric motor 400 Volt 50Hz IP55 ;cl isol.F trop. IE2;outlet flange               inlet flange             flexible outlet                   flexible inlet;shock absorbers        inspection door         drain plug                inlet protection grid;;13-565-30-4;565
RO900/4;45;1475;221;1174;1500;630;1780;703;202;1060;565;629;665;12;569;404;669;504;1026;540;636;9000;12600;18000;23400;27000;;366;348;322;290;260;;92;opened blade fan, medium-range, medium pressure;for dust air,woodchips,fibrous materials;Built in painted sheet iron, impeller statically and dynamically balanced;according to ISO standards, three phase electric motor 400 Volt 50Hz IP55 ;cl isol.F trop. IE2;outlet flange               inlet flange             flexible outlet                   flexible inlet;shock absorbers        inspection door         drain plug                inlet protection grid;;13-565-45-4;565
